question_id,question,image,option_1,option_2,option_3,option_4,answer,correct_option_text,explanation,difficulty,topic,question_type,key_terms,
AIDA2-A-01,"우리가  숨을 들이 쉴 때, 공기는  폐로 유입되어  폐와 혈액 간의 기체 교환이  이루어지는  폐포로  이동한다 . 혈액은  폐에서  산소를  공급받고  이산화탄소를  배출한다 .",,참,거짓,,,1,A: 참,,medium,AIDA2,multiple_choice,,
AIDA2-A-02,옳은 것을 모두 고르시오 .,,대부분의  이산화탄소는  헤모글로빈과  결합하여  적혈구에  의해 폐로 운반된다 .,산소는  헤모글로빈과  결합하여  적혈구에  의해 온몸으로  운반된다 .,대부분의  이산화탄소는  혈장에  녹아 폐로 운반된다 .,산소는  혈장에  녹아 온 몸으로  운반된다 .,2,"B: 산소는  헤모글로빈과  결합하여  적혈구에  의해 온몸으로  운반된다 ., C: 대부분의  이산화탄소는  혈장에  녹아 폐로 운반된다 .",,medium,AIDA2,multiple_choice,,
AIDA2-A-03,호흡에  관여하는  주요 근육은  ( ) 과 ( ) 이다.,,"횡격막, 이두근","흉근, 횡격막","횡격막, 늑간근","흉근( 가슴 근육), 이두근",3,정답: 횡격막  - 늑간근,,hard,AIDA2,multiple_choice,,
AIDA2-A-04,호흡에  이용되는  가장 효과적인  근육을  한 가지 고르시오 .,,흉근( 가슴 근육),횡격막,이두근,늑간근,2,B: 횡격막,,hard,AIDA2,multiple_choice,,
AIDA2-A-05,"호흡하는  동안, 혈액의  산소 포화도는  항상 96-99% 이다.",,참,거짓,,,1,A: 참,,hard,AIDA2,multiple_choice,,
AIDA2-A-06,"호흡충동을  느낄 때, 몸에는  여전히  이용 가능한  산소가  남아 있으므로  이후에도  일정 시간 이상 호흡을  참을 수 있다.",,참,거짓,,,1,A: 참,,medium,AIDA2,multiple_choice,,
AIDA2-A-07,"Q. 체내 이산화탄소 농도가 증가함으로 인해 경험할 수 있는 증상을 모두 고르시오.

A. 수축

B. 어지럽고 쓰러질 것 같음

C. 횡격막이 타오르는 느낌

D. 횡격막을 찌르는듯한 통증",,"A, B","A, B, C","A, C","B, D",3,"A: 수축, C: 횡격막이  타오르는  느낌",,easy,AIDA2,multiple_choice,,
AIDA2-A-08,"Q. 옳은 것을 모두 고르시오.

A. 초과호흡은 이산화탄소 농도를 감소시켜 호흡충동을 지연시킨다.

B. 초과호흡은 안전하고 효율적인 프리다이빙 호흡법이다.

C. 초과호흡은 호흡충동을 지연시킬 수 있으며, 
그로 인해 어떤 경고 신호도 느끼지 못한 상태로 지나치게 오래 다이빙을 함으로써 LMC나 BO이 발생할 수 있기 때문에 위험하다.

D. 초과호흡은 체내 산소 포화도를 높이지 못한다.",,"A, B, C","A, C, D","B, C, D",전부 다,2,"A: 초과호흡은  이산화탄소  농도를  감소시켜  호흡충동을  지연시킨다 .
C: 초과호흡은  호흡충동을  지연시킬  수 있으며, 그로 인해 어떤 경고 신호도  느끼지  못한 상태로  지나치게  오래 다이빙을  함으로써  LMC 나 BO 이 발생할  수 있기 때문에  위험하다.
D: 초과호흡은  체내 산소 포화도를  높이지  못한다 .",,hard,AIDA2,multiple_choice,,
AIDA2-A-09,초과호흡의  증상을  4 가지 이상 적으시오 .,,,,,,2,"정답: 병적 쾌감, 손발이  아림, 어지럽고  쓰러질  것 같음, 현기증 , 입 주변이  저림, 입안에  금속성 ( 비릿한 ) 맛, 양손의  반마비  상태",,medium,AIDA2,multiple_choice,,
AIDA2-A-10,만약 초과호흡  증상을  느꼈다면  다이빙을  멈추고  그 증상이  사라질  때까지  다시 긴장완화  상태로  돌아가야  한다.,,참,거짓,,,1,A: 참,,medium,AIDA2,multiple_choice,,
AIDA2-A-11,"Q. 옳은 것을 모두 고르시오.

A. 운동신경조절장애(LMC)는 낮은 산소 농도에 의해 발생하는 저산소 발작이다. (가벼운 저산소증)

B. LMC를 겪은 후 즉시 다이빙을 지속해야 한다.

C. LMC는 다이빙이나 스테틱 숨참기 후 수면 위에서 발생한다.

D. LMC는 통제되지 않는 일련의 근육 경련이 발생할 수 있으며, 혼동이 오거나 반응이 둔해지기도 한다.",,"A, B, C","A, C, D","B, C, D",전부 다,2,"A: 운동신경조절장애 (LMC) 는 낮은 산소 농도에  의해 발생하는  저산소  발작이다 . ( 가벼운  저산소증 ), C: LMC 는 다이빙이나  스테틱  숨참기  후 수면 위에서  발생한다 ., D: LMC 는 통제되지  않는 일련의  근육 경련이  발생할  수 있으며 , 혼동이  오거나  반응이  둔해지기도  한다.",,medium,AIDA2,multiple_choice,,
AIDA2-A-12,다음 중 ' 숨을 참은 끝에 발생하는  심한 저산소증으로  인해 의식을  완전히  잃은 상태' 를 의미하는  한 가지를  고르시오 .,,LMC - 운동신경조절장애,초과호흡,BO - 의식상실,청색증,3,C: BO - 의식상실,,hard,AIDA2,multiple_choice,,
AIDA2-A-13,"Q. BO 나 LMC를 예방하기 위한 방법을 모두 고르세요.

A. 자각이나 경험은 BO나 LMC를 예방하는 핵심 내용이다.

B. 다이빙 전에 초과호흡을 하지 않는다!

C. 프리다이빙을 할 때 수심이나 시간을 늘릴 때 여러번 반복하며 차근차근 늘려나간다.

D. 긴장완화운동이 숨참기를 준비하기 위해 가장 안전한 방법이다.",,"A, B, C","A, C, D","B, C, D",전부 다,4,"A: 자각이나  경험은  BO 나 LMC 를 예방하는  핵심 내용이다 ., B: 다이빙  전에 초과호흡을  하지 않는다 !, C: 프리다이빙을  할 때 수심이나  시간을  늘릴 때 여러번  반복하며  차근차근  늘려나간다 ., D: 긴장완화운동이  숨참기를  준비하기  위해 가장 안전한  방법이다 .",,hard,AIDA2,multiple_choice,,
AIDA2-A-14,버디가  운동신경조절장애  (LMC) 를 겪고 있음을  나타내는  징후를  4 가지 이상 적으시오 .,,,,,,3,,,medium,AIDA2,multiple_choice,,
AIDA2-A-15,당신에게  의식상실  (BO) 이 다가오고  있음을  나타내는  증상을  4 가지 이상 적으시오 .,,중성부력이  되는 지점,"아무 증상 없음, 이명, 터널 시야, 뚜렷하지  않은 생각, 손발이  저리거나  감각이  없음, 따뜻한  느낌, 갑자기  다이빙이  편해진  느낌",40m,횡격막,2,"정답: 아무 증상 없음, 이명, 터널 시야, 뚜렷하지  않은 생각, 손발이  저리거나  감각이  없음, 따뜻한  느낌, 갑자기  다이빙이  편해진  느낌",,hard,AIDA2,multiple_choice,,
AIDA2-A-16,다음 중 의식상실  (BO) 의 가장 큰 원인 한 가지만  고르시오 .,,준비 시간 부족,초과호흡,잘못된  핀차기  기술,상승 중 세이프티  다이버가  너무 가까이  다가와서,3,잘못된  핀차기  기술,,medium,AIDA2,multiple_choice,,
AIDA2-A-17,"Q. LMC 구조 절차를 순서에 맞게 나열하시오.

A. 프리다이버의 기도가 물 밖으로 유지될 수 있도록 부드럽게 잡는다.

B. LMC의 결과로 인한 부상이 있나 확인한다.

C. 안심시키고 회복호흡을 계속 하도록 지도한다.

D. 필요하면 안면장비를 제거를 도와준다.

E. 당일 다이빙을 중지하도록 권고한다.",,A - B - C - D - E,A - C - D - B - E,A - D - C - B - E,D - A - B - C - E,3,A - D - C - B - E,,medium,AIDA2,multiple_choice,,
AIDA2-A-18,"Q. 의식상실(BO) 구조 절차를 순서에 맞게 나열하시오.

A. 프리다이버를 수면 위로 끌어 올린다.

B. 모든 안면 장비를 제거한다.

C. 만약 프리다이버가 10-15초 이후에도 숨을 쉬지 않으면 최대 5회의 구조호흡을 실시한다.

D. 불기(Blow), 톡톡 치기 (Tap), 말하기 (Talk) - (BTT)

E. 해당 프리다이버가 당일 프리다이빙을 중지하도 권고한다.

F. 기도가 수면 위로 유지되도록 의식을 잃은 프리다이버를 잡는다.

G. 회복되지 않는 경우, 해당 프리다이버를 물 밖으로 옮겨서 CPR을 시행하고, 응급 의료 지원을 요청한다.",,A - B - C - D - E - F - G,A - B - F - D - C - G - E,A - F - B - D - C - G - E,,3,A - F - B - D - C - G - E,,medium,AIDA2,multiple_choice,,
AIDA2-A-19,의식상실 (BO) 이나 운동신경조절장애  (LMC) 의 발생을  대비해  준비할  수 있는 요소를  4 가지 이상 적으시오 .,,,,,,3,"정답: 항상 버디와  함께 다이빙  하라, 최소 10m 에서 떠오를  수 있게 중량납  조절, 다이빙  전 입에서  스노클  제거, 적어도  수심 10m 에서 함께 상승, 구조기술을  배우고  연습하기 , 문제의  징후가  나타나면  중량납  버리기 , 수면에  도착하면  바로 부유기구를  잡아라 , 만약 당신이  행동해야  한다고  생각하면  행동하라 !",,medium,AIDA2,multiple_choice,,
AIDA2-A-20,프리다이빙에  영향을  미칠 수 있는 요소를  4 가지 이상 적으시오 .,,,,,,3,"정답: 탈수증 , 저혈당 , 음식, 흡연, 충혈 완화제 , 운동, 피로, 스트레스 , 차가운  물 온도",,hard,AIDA2,multiple_choice,,
AIDA2-A-21,"DCS( 감압병 ) 를 예방하기  위해, 한 번의 스쿠버  다이빙을  한 후에는  최소 ( ) 시간 그리고  두 번 이상의  스쿠버  다이빙을  한 후에는  최소 ( ) 시간이  지난 후에 프리다이빙을  한다.",,"12 시간, 12 시간","12 시간, 24 시간","24 시간, 12 시간","24 시간, 24 시간",2,"12 시간, 24 시간",,hard,AIDA2,multiple_choice,,
AIDA2-A-22,"물속에  들어갈  때, 매 10m 당 1bar 씩 압력이  상승한다 .",,참,거짓,,,1,참,,easy,AIDA2,multiple_choice,,
AIDA2-A-23,다음 중 보일의  법칙을  올바르게  설명한  문장을  하나만  고르시오 .,,"온도가  일정할  때, 기체의  부피는  절대 압력에  반비례  한다.","온도가  일정할  때, 기체의  부피는  절대 압력과  같다.","압력이  일정할  때, 기체의  부피는  절대 온도에  반비례  한다.",정답 없음,1,"A: 온도가  일정할  때, 기체의  부피는  절대 압력에  반비례  한다.",,medium,AIDA2,multiple_choice,,
AIDA2-A-24,프리다이버가  하강할  때 압력평형을  해야만  하는 공기 공간이 아닌곳은?,,마스크,부비강,양쪽 귀,폐,4,폐,,hard,AIDA2,multiple_choice,,
AIDA2-A-25,"Q. 다음 중 귀와 부비강 압력평형에 이용되는 기술을 모두 고르시오.

A. 머듈러 기술

B. 발살바 기술

C. 포리지 기술

D. 프렌젤 기술",,"A, B","B, C","C, D","B, D",4,"B: 발살바  기술, D: 프렌젤  기술",,hard,AIDA2,multiple_choice,,
AIDA2-A-26,"Q. 마스크 압력평형을 위한 방법을 모두 고르시오.

A. 마스크 압착이 느껴지면 잡았던 코를 놓는다.

B. 코를 통해 부드럽게 숨을 내쉰다.

C. 코를 통해 숨을 들이쉰다.

D. 코를 잡고 강하게 숨을 내쉰다.",,"A, B","B, C","C, D","B, D",1,"A: 마스크  압착이  느껴지면  잡았던  코를 놓는다 ., B: 코를 통해 부드럽게  숨을 내쉰다 .",,hard,AIDA2,multiple_choice,,
AIDA2-A-27,압력평형을  수월하게  하기 위한 방법을  4 가지 이상 적으시오 .,,,,,,1,"정답: 충분히  자주 하는 압력평형 , 필요하면  하강 속도를  줄임, 강제적  압력평형  삼가기 , 감기나  코막힘이  있을 때 다이빙  하지 않기, 충혈 완화제  사용 않기, 다이빙  중 긴장완화 , 턱 당기기 , 머리와  목 긴장풀기",,easy,AIDA2,multiple_choice,,
AIDA2-A-28,프리다이빙  장비를  직사광선으로부터  보호하는  것이 중요하다 . 대부분의  장비는  열과 UV 광선에  약한 재질로  만들어졌다 .,,참,거짓,,,1,A: 참,,hard,AIDA2,multiple_choice,,
AIDA2-A-29,"Q. 프리다이빙용 마스크로서 적합한 특성은 무엇인지 모두 고르세요.

A. 작은 부피

B. 불편하지 않게 얼굴에 밀착 될 수 있는 스커트

C. 안전을 위해 버디가 눈을 볼 수 있도록 투명한 렌즈를 장착

D. 반사되는 렌즈",,"A, B, C","A, C, D","B, C, D","A, B, D",1,"A: 작은 부피, B: 불편하지  않게 얼굴에  밀착 될 수 있는 스커트, C: 안전을  위해 버디가  눈을 볼 수 있도록  투명한  렌즈를  장착",,medium,AIDA2,multiple_choice,,
AIDA2-A-30,"Q. 프리다이빙용 바이핀(bi-fins)의 특징을 설명하는 문장을 고르시오.

A. 일반적인 핀보다 길고 강력하다.

B. 개방형 풋 포켓과 부츠를 결합하여 착용한다.

C. 프리다이빙용 핀은 오직 플라스틱 재질로만 만든다.

D. 다양한 강성의 날(blade) 사용이 가능하다.",,"A, B","A, D","B, C","C, D",2,"A: 일반적인  핀보다  길고 강력하다 ., D: 다양한  강성의  날(blade) 사용이  가능하다 .",,easy,AIDA2,multiple_choice,,
AIDA2-A-31,"Q. 프리다이빙용 중량납 벨트의 특징을 모두 고르시오.

A. 호흡에 방해되지 않도록 허리보다는 엉덩이(골반)에 착용한다.

B. 빠른 제거 기능이 없다.

C. 벨트에 끼우는 중량납 개수를 제한하기 위해 크기가 큰 중량납을 사용한다.

D. 신축성있는 재질로 만들어 엉덩이 위에 꽉 조여 움직이지 않도록 한다.",,"A, B","A, D","B, C","C, D",2,"A. 호흡에 방해되지 않도록 허리보다는 엉덩이(골반)에 착용한다.
D. 신축성있는 재질로 만들어 엉덩이 위에 꽉 조여 움직이지 않도록 한다.",,medium,AIDA2,multiple_choice,,
AIDA2-A-32,"Q. 답안지를 보고 각각에 맞는 프리다이빙 종목을 고르세요. 

[보기: 다이내믹 압니어, 컨스탄트 웨이트, 스테틱 압니어, 프리 이머젼, 베리어블 웨이트, 노 리미츠]

A. 한 호흡으로 이동한 수평거리를 측정

B. 무거운 썰매를 타고 하강, 리프팅 장비를 이용한 상승

C. 핀을 착용하지 않고 줄을 당기며 하강과 상승

D. 중량납이나 썰매를 이용한 하강, 중량납을 놓고 상승

E. 수영장에서 숨을 참고 물 위에 엎드려서 진행

F. 중량납 무게의 변화 없이 핀을 차며 수영으로 하강과 상승",,,,,,3,"A - 다이내믹

B - 노 리미츠

C - 프리 이머젼

D - 베리어블 웨이트

E - 스테틱

F - 컨스탄트 웨이트",,medium,AIDA2,multiple_choice,,
AIDA2-A-33,회복호흡에  대해 설명한  문장을  하나만  고르시오 .,,횡격막을  이용한  깊고 느린 들숨.,최소 3 회 이상 반복하는  무의식적  날숨과  빠르고  큰 들숨,완전 날숨 뒤에 이어지는  완전 들숨,얕은 들숨과  날숨B  번호 문제 ( 통합) 정답 내 답안,3,,,easy,AIDA2,multiple_choice,,
AIDA2-B-01,"Q. 산소는 헤모글로빈과 결합하여 적혈구에 의해 폐로부터 운반되고, 이산화탄소는 혈장에 녹아 폐로 운반된다.

A. 참

B. 거짓",,A,B,,,1,A,,hard,AIDA2,multiple_choice,,
AIDA2-B-02,"Q. 다음 중 폐와 혈액 간의 기체 교환이 이루어지는 곳을 고르시오.

A. 기관지

B. 기관

C. 폐포

D. 횡격막",,A,B,C,D,3,C,,medium,AIDA2,multiple_choice,,
AIDA2-B-03,"Q. 횡격막을 사용하는 복식호흡이 흉식호흡보다 더 효율적이며, 숨을 참기 전에 긴장을 풀 수 있게 해준다.

A. 참

B. 거짓",,A,B,,,1,A,,easy,AIDA2,multiple_choice,,
AIDA2-B-04,"Q. 다음 중 폐 안의 압력을 변화시키는 주요 근육을 모두 고르시오. 

A. 횡격막

B. 흉근

C. 늑간근

D. 이두근",,"A, B","A, C","B, C","C, D",2,"A, C",,hard,AIDA2,multiple_choice,,
AIDA2-B-05,Q. 호흡에 이용되는 가장 효율적인 근육은 ( )이다.,,이두근,횡격막,삼두근,복근,2,횡격막,,medium,AIDA2,multiple_choice,,
AIDA2-B-06,Q. 낮은 ( ) 농도가 아니라 상대적으로 높은 ( )의 농도가 호흡충동을 일으킨다.,,산소 - 산소,산소 - 이산화탄소,이산화탄소 - 산소,이산화탄소 - 이산화탄소,2,산소 - 이산화탄소,,easy,AIDA2,multiple_choice,,
AIDA2-B-07,"Q. 혈액 내에는 항상 일정량의 이산화탄소가 존재한다.

A. 참

B. 거짓",,참,거짓,,,1,A,,hard,AIDA2,multiple_choice,,
AIDA2-B-08,"Q. 옳은 것을 모두 고르시오. 

A. 건강한 사람이 숨을 쉴 때, 혈액은 언제나 96~99%의 농도로 산소가 포화되어 있다.

B. 초과호흡은 혈중 산소 농도를 확연히 증가시킨다.

C. 초과호흡은 호흡충동을 지연시킬 수 있으며,
그로 인해 어떤 경고 신호도 느끼지 못한 상태로 지나치게 오래 다이빙을 함으로써 LMC나 BO이 발생할 수 있기 때문에 위험하다.

D. 긴장완화 단계에서 프리다이버는 긴장완화 기술에 집중한다.",,"A, B, C","A, C, D","B, C, D",B,2,"A, C, D",,hard,AIDA2,multiple_choice,,
AIDA2-B-09,Q. 초과호흡의 증상을 4가지 이상 적으시오.,,,,,,4,"병적 쾌감, 손발이 아림,
어지럽고 쓰러질 것 같음,
현기증, 입 주변이 저림,
입안에 금속성(비릿한) 맛",,medium,AIDA2,multiple_choice,,
AIDA2-B-10,"Q. 만약 초과호흡 증상을 느꼈다면 당신이 호흡을 적절히 했으며 다이빙할 준비가 되었다는 뜻이다. 

A. 참

B. 거짓",,A,B,,,2,B,,easy,AIDA2,multiple_choice,,
AIDA2-B-11,"Q. 의식상실(BO)에 대해 올바르게 설명한 문장을 모두 고르시오. 

A. 의식상실(BO)은 숨참기 끝에 심각한 저산소증으로 인해 의식을 완전히 잃은 상태를 말한다.

B. 의식상실을 겪은 후에는 남은 시간 동안 계속 다이빙을 해야한다.

C. BO에서 회복된 후, 그 프리다이버는 방금 무슨 일이 일어났는지 모르기도 한다.

D. 다이빙을 하는 동안 뇌가 정상적으로 기능하지 못할 정도로 산소를 써버린다. 이 시점에 당신의 뇌는 '생존모드'로 접어들게 되고 의식을 잃게 된다.",,"A, B, C","A, C, D","B, C, D",B,2,"A, C, D",,easy,AIDA2,multiple_choice,,
AIDA2-B-12,"Q. ""낮은 산소 농도에 의해 발생하는 저산소 발작""을 의미하는 한 가지를 고르시오. 

A. LMC - 운동신경조절장애

B. 초과호흡

C. BO - 의식상실

D. 청색증",,A,B,C,D,1,A,,hard,AIDA2,multiple_choice,,
AIDA2-B-13,"Q. 자기 자신을 알고 많은 경험을 하는 것이 BO와 LMC 예방의 열쇠이다. 

A. 참

B. 거짓",,A,B,,,1,A,,easy,AIDA2,multiple_choice,,
AIDA2-B-14,Q. 버디가 운동신경조절장애(LMC)를 겪고 있음을 나타내는 징후를 4가지 이상 적으시오.,,,,,,2,"몸을 가누지 못함,
통제되지 않는 경련,
안면 뒤틀림, 초점 흐린 눈,
혼동, 중얼거림, 떨림,
미흡한 반응(대응), 청색증",,medium,AIDA2,multiple_choice,,
AIDA2-B-15,Q. 버디에게 의식상실 (BO)이 다가오고 있음을 나타내는 징후를 4가지 이상 적으시오.,,,,,,2,"아무 증상 없음(Hv),
유도줄을 당김(CW),
비규칙적 핀 차기,
초점이 흐리거나 놀란 눈,
청색증, 공기 배출,
마지막 구간 속도 증가,
비정상적인 모든 행동",,medium,AIDA2,multiple_choice,,
AIDA2-B-16,"Q. 다음 중 의식상실(BO)이 다가오고 있음을 나타내는 경고 증상을 모두 고르시오. 

A. 갑자기 따뜻한 느낌

B. 이명

C. 터널 시야

D. 자신감 있는 강한 핀 차기",,"A, B, C","A, C, D","B, C, D","B, C",1,"A, B, C",,medium,AIDA2,multiple_choice,,
AIDA2-B-17,"Q. LMC 구조 절차를 순서에 맞게 나열하시오.

A. 프리다이버의 기도가 물 밖으로 유지될 수 있도록 부드럽게 잡는다.

B. LMC의 결과로 인한 부상이 있나 확인한다. (수영장 모서리 충격)

C. 안심시키고 회복호흡을 계속 하도록 지도한다.

D. 필요하면 안면장비 제거를 도와준다.

E. 당일 다이빙을 중지하도록 권고한다.",,A - B - C - D - E,A - C - D - B - E,A - D - C - B - E,D - A - B - C - E,3,A - C - D - B - E,,medium,AIDA2,multiple_choice,,
AIDA2-B-18,"Q. 의식상실(BO) 구조 절차를 순서에 맞게 나열하시오. 

A. 프리다이버를 수면 위로 끌어 올린다.

B. 모든 안면 장비를 제거한다.

C. 만약 프리다이버가 10-15초 이후에도 숨을 쉬지 않으면 최대 5회의 구조호흡을 실시한다.

D. 불기(Blow), 톡톡 치기(Tap), 말하기(Talk) - (BTT)

E. 해당 프리다이버가 당일 프리다이빙을 중지하도록 권고한다.

F. 기도가 수면 위로 유지되도록 의식을 잃은 프리다이버를 잡는다.

G. 회복되지 않는 경우, 해당 프리다이버를 물 밖으로 옮겨서 CPR을 시행하고, 응급 의료 지원을 요청한다.",,A - B - C - D - E - F - G,A - B - F - D - C - G - E,A - F - B - D - C - G - E,,3,A - F - B - D - C - G - E,,medium,AIDA2,multiple_choice,,
AIDA2-B-19,Q. 의식상실(BO)이나 운동신경조절장애 (LMC)의 발생을 대비해 준비할 수 있는 요소를 4가지 이상 적으시오.,,,,,,1,"항상 버디와 함께 다이빙 하라
최소 10m에서 떠오를 수 있게 중량납 조절
다이빙 전 입에서 스노클 제거
적어도 수심 10m에서 함께 상승 
구조기술을 배우고 연습하기
문제의 징후 가 나타나면 중량납 버리기
수면에 도착하면 바로 부유기구를 잡아라
만약 당신이 행동해야 한다고 생각하면 행동하라!",,medium,AIDA2,multiple_choice,,
AIDA2-B-20,Q. 프리다이빙에 영향을 미칠 수 있는 요소를 4가지 이상 적으시오.,,,,,,3,"탈수증, 저혈당, 음식, 흡연,
충혈 완화제, 운동, 피로,
긴장완화, 스트레스, 낮은 수온",,hard,AIDA2,multiple_choice,,
AIDA2-B-21,"Q. DCS(감압병)를 예방하기 위해, 한 번의 스쿠버 다이빙을 한 후에는 최소 ( )시간
그리고 두 번 이상의 스쿠버 다이빙을 한 후에는 최소 ( )시간이 지난 후에 프리다이빙을 한다.",,"12 시간, 12 시간","12 시간, 24 시간","24 시간, 12 시간","24 시간, 24 시간",2,"12시간, 24 시간",,medium,AIDA2,multiple_choice,,
AIDA2-B-22,"Q. 잠재적인 폐 손상을 방지하기 위해 스쿠버 다이버로부터 공기를 받아 마시지 않는다 

1. A. 참

2. B. 거짓",,A,B,,,1,A,,easy,AIDA2,multiple_choice,,
AIDA2-B-23,"Q. 프리다이빙 기술에 대해 올바르게 설명한 문장을 모두 고르시오. 

A. 프리다이빙에서 좋은 기술 연마는 성공을 위한 중요한 요소이다.

B. 좋은 기술은 산소 소비를 최소화하여, 당신이 가장 효율적인 방법으로 다이빙을 시작하고, 수중에서 움직일 수 있게 해준다.

C. 좋은 기술을 연습하면 다이빙을 할 때 안전과 즐거움이 극대화 된다.

D. 좋은 기술은 오직 대회에 참가하기 위한 프리다이버들에게만 중요하다.",,"A, B, C","A, C, D","B, C, D","B, C",1,"A, B, C",,medium,AIDA2,multiple_choice,,
AIDA2-B-24,"Q. 보일의 법칙 - '온도가 일정할 때, 기체의 부피는 절대 압력에 반비례 한다.' 

A. 참

B. 거짓",,A,B,,,1,A,,medium,AIDA2,multiple_choice,,
AIDA2-B-25,"Q. 보일의 법칙을 적용하여 다음 표를 완성하시오. 

[수심 / 압력 / 기체부피]

1. 0m / 1Bar / 1

2. 10m / ( ) / ( )

3. 40m / ( ) / ( )

4. 100m / ( ) / ( )",,0m / 1Bar / 1,10m / 2Bar / 1/2,20m / 3Bar / 1/3,50m / 5Bar / 1/5,4,"1Bar(1)
2Bar(1/2)
5Bar(1/5)
11Bar(1/11)",,hard,AIDA2,multiple_choice,,
AIDA2-B-26,"Q. 다음 중 프리다이버가 하강할 때 압력평형을 해야 공기 공간을 모두 고르시오. 

A. 폐

B. 양쪽 귀

C. 부비강

D. 마스크",,"A, B, C","A, C, D","B, C, D","B, D",,"B, C, D",,medium,AIDA2,multiple_choice,,
AIDA2-B-27,"Q. 마르큘라 기술은 프리다이버들이 압력평형을 하기 위해 가장 바람직한 방법이다.

A. 참

B. 거짓",,A,B,,,2,B,,hard,AIDA2,multiple_choice,,
AIDA2-B-28,Q. 압력평형을 수월하게 하기 위한 방법을 4가지 이상 적으시오.,,,,,,2,"충분히 자주 하는 압력평형
필요하면 하강 속도를 줄임
강제적 압력평형 삼가기 감기나 코막힘이 있을 때 다이빙 하지 않기 충혈 완화제 사용 않기
다이빙 중 긴장완화 턱 당기기
머리와 목 긴장풀기",,medium,AIDA2,multiple_choice,,
AIDA2-B-29,"Q. 귀와 부비강 압력평형에 가장 많이 이용되는 기술들을 모두 고르시오.

A. 발살바

B. 프렌젤

C. 만근추",,"A, B","B, C, ","A, C",전부 다,1,발살바 - 프렌젤,,hard,AIDA2,multiple_choice,,
AIDA2-B-30,"Q. 프리다이빙 장비를 직사광선으로부터 보호하는 것이 중요하다. 대부분의 장비는 열과 UV 광선에 약한 재질로 만들어졌다. 

A. 참

B. 거짓",,A,B,,,1,A,,easy,AIDA2,multiple_choice,,
AIDA2-B-31,"Q. 프리다이빙 마스크로서 적합한 특성은 무엇인지 모두 고르세요. 

A. 주변 시야를 극대화하기 위해 렌즈와 부피가 큰 렌즈

B. 안전을 위해 버디가 눈을 볼 수 있도록 투명한 렌즈를 장착

C. 반사되는 렌즈

D. 불편하지 않게 얼굴에 밀착 되는 스커트",,"A, B","A, C","B, C","B, D",4,"B, D",,medium,AIDA2,multiple_choice,,
AIDA2-B-32,"Q. 프리다이빙 핀차기 기술을 배우기 위해서는 부드럽거나 짧은 핀을 사용하는 게 좋다. 

A. 참

B. 거짓",,A,B,,,1,A,,easy,AIDA2,multiple_choice,,
AIDA2-B-33,"Q. 다음 중 프리다이빙 수트의 특징을 모두 고르시오. 

A. 절대로 후드가 달려있지 않다.

B. 때때로 유연성과 보온성을 위해 고급 재질의 네오프렌으로 만든다.

C. 몸에 꼭 맞도록 맞춤 수트를 주문하는 게 이상적이다.

D. 착용하기 쉽도록 지퍼가 있다.",,"A, B","A, C","B, C","B, D",2,"B, C",,hard,AIDA2,multiple_choice,,
AIDA2-B-34,"Q. 프리다이빙용 중량납 벨트는 신축성있는 재질로 만들어졌으며,
호흡에 방해되지 않도록 허리보다는 엉덩이(골반)에 착용하며 안전을 위해 빠른 제거 기능이 있다. 

A. 참

B. 거짓",,A,B,,,3,A,,medium,AIDA2,multiple_choice,,
AIDA2-B-35,"Q. 프리다이빙을 할 때 스노클을 사용하는 방법을 올바르게 설명한 문장을 모두 고르시오.

A. 수면에서 당신이 버디를 주시하는 동안 숨을 쉬기 위해 사용한다.

B. 항상 입에 물고 다이빙을 한다.

C. 유선형 자세를 흐뜨리지 않고, 의식상실이 일어났을 때 당신을 보호할 수 있도록 (하강) 하기 전 입에서 스노클을 제거한다.

D. 정답 없음",,"A, B","A, C","B, C","B, D",3,"A, C",,medium,AIDA2,multiple_choice,,
,"Q. 답안지를 보고 각각에 맞는 프리다이빙 종목을 고르세요. 

[보기: 다이내믹 압니어, 컨스탄트 웨이트, 스테틱 압니어, 프리 이머젼, 베리어블 웨이트, 노 리미츠]

A. 한 호흡으로 이동한 수평거리를 측정

B. 무거운 썰매를 타고 하강, 리프팅 장비를 이용한 상승

C. 핀을 착용하지 않고 줄을 당기며 하강과 상승

D. 중량납이나 썰매를 이용한 하강, 중량납을 놓고 상승

E. 수영장에서 숨을 참고 물 위에 엎드려서 진행

F. 중량납 무게의 변화 없이 핀을 차며 수영으로 하강과 상승",,,,,,,"A - 다이내믹

B - 노 리미츠

C - 프리 이머젼

D - 베리어블 웨이트

E - 스테틱

F - 컨스탄트 웨이트",,,,,,
,"Q. '심리전'으로 설명되는 종목을 한가지만 고르시오. 

A. 다이내믹 압니어

B. 컨스탄트 웨이트

C. 스테틱 압니어

D. 프리 이머젼",,A,B,C,D,,C,,,,,,
AIDA3-A-01,Q. 고막천공이 의심되면 어떻게 해야 하나? 그리고 왜 그렇게 해야 하나?,,,,,,3,"즉시 물 밖으로 나가서 귀를 건조하게 유지.
즉시 병원에 가서 진료를 받는 것이 좋다.
감염의 위험이 크기 때문에",,hard,AIDA3,multiple_choice,,
AIDA3-A-02,Q. 수면에서 들이쉬는 공기의 산소분압은 얼마인가? (Bar 단위로 나타내시오.),,0.15 Bar,0.21 Bar,0.42 Bar,1 Bar,2,0.21 Bar,,easy,AIDA3,multiple_choice,,
AIDA3-A-03,Q. 숨을 참고 수심 10미터로 내려갔을 때 체내 공기의 산소분압은? (Bar 단위로 나타내시오.),,0.15 Bar,0.21 Bar,0.42 Bar,1 Bar,3,0.42 Bar,,medium,AIDA3,multiple_choice,,
AIDA3-A-04,"Q. 상승하는 과정에서 의식상실이 주로 얕은 수심에서 일어나는 이유는?

A. 다이버의 에너지 소비가 늘어나서.

B. 폐포산소분압이 급속하게 줄어들어서.

C. 폐포이산화탄소분압이 급속하게 줄어들어서.

D. 중이와 부비강 안의 공기압이 급속하게 줄어들어서.",,A,B,C,D,2,B,,medium,AIDA3,multiple_choice,,
AIDA3-A-05,"Q. 다음 중 근육이 지쳐버렸거나 쥐가 나는 다이버에게 도움이 될 수 있는 방법을 모두 고르시오.

A. 다이빙 전 스트레칭

B. 충분한 수분 섭취

C. 쥐가 날 여유가 없도록 다이빙 수면 휴식시간을 줄임

D. 무거운 핀을 선택(사용)",,"A, B","A, C","A, D","B, C",4,"A, B",,easy,AIDA3,multiple_choice,,
AIDA3-A-06,Q. 초과호흡이 왜 의식상실이 발생할 가능성을 심각하게 증대시키는지에 대한 생리학적인 이유 2가지를 적으시오.,,,,,,1,"• 헤모글로빈과 산소의 결합을 강하게 만든다!
 그 결과 혈액에 결합된 산소 (O2)는 평소보다 조직으로 덜 방출게 된다.(보어 효과)

• 초과호흡은 이산화탄소의 농도를 낮춘다.
초과호흡을 하면 이산화탄소 증가의 첫 번째 신호 조차 느끼지 못하고 산소부족으로 의식을 잃을 수 있다.

• 초과호흡은 뇌로 이어지는 혈관을 수축시켜 뇌 혈류를 감소시켜서 다이빙을 하기도 전에 의식상실을 발생시킬 수 있다. 대뇌혈관수축

• 초과호흡은 신체가 ‘산소 보존 모드'로 들어가는 것을 방해한다. 
이산화탄소 증가 부족으로 '산소 보존 모드' 촉발 불가

• 초과호흡은 심장 박동수를 빠르게 하여 산소를 더욱 빠르게 써버려 다이빙이 너무 길어지면 BO의 가능성이 커진다.",,medium,AIDA3,multiple_choice,,
AIDA3-A-07,"Q. 폐 측정법에 따라 다음 용어가 무엇을 의미하는지 쓰시오.

1. TLC

2. RV

3. FRC

4. VC

5. TV",,,,,,3,"1. TLC(총폐용량), 

2. RV(잔기량)

3. FRC(기능적 잔기량)

4. VC(폐활량)

5. TV(일회호흡량)",,medium,AIDA3,multiple_choice,,
AIDA3-A-08,"Q. 포유류잠수반응(MDR)에 관련된 각 정의와 용어의 짝을 올바르게 맞추시오.

[용어]

A. 혈액이동

B. 말초혈관수축

C. 비장 효과

D. 서맥


[정의]

1. 팔과 다리 혈관이 수축하며 몸의 중심부로 혈액을 보낸다.

2. 숨참기는 심박수와 신진대사 속도를 늦춘다. 얼굴이 물에 잠기면 반응이 더 빨리온다.

3. 혈액 속으로 더 많은 적혈구가 배출 된다.

4. 폐포 주변 혈관의 부피가 늘어난다. 표면압력 하에서 공기가 점유하고 있던 폐포 속의 공간을 그 폐포가 차지하게 된다.",,,,,,1,"1 : B. 말초혈관수축 

2 : D. 서맥 

3 : C. 비장 효과 

4 : A. 혈액 이동",,hard,AIDA3,multiple_choice,,
AIDA3-A-09,"Q. 다음 중 수심이 깊어질수록 폐의 부피가 줄어듦에 따라 어떤 일이 발생하는지 가장 잘 설명한 것은?

A. 수심이 깊어짐에 따라 폐의 부피는 줄어들며, 압력평형을 이루기 위해 산소가 폐 속의 공기공간으로 유입된다.

B. 수심이 깊어짐에 따라 폐의 부피는 줄어들며, 압력평형을 이루기 위해 혈장이 폐 속의 공기공간으로 유입된다.

C. 수심이 깊어짐에 따라 폐의 부피는 줄어들며, 압력평형을 이루기 위해 혈액이 폐 속의 혈관을 채우기 위해 유입된다.",,A,B,C,D,3,C,,medium,AIDA3,multiple_choice,,
AIDA3-A-10,"Q. 다음 중 혈액이동의 결과로 일어나는 현상은?

A. 뇌로 공급되는 산소량이 증가하여 다이빙 시간을 늘려준다.

B. 근육에 공급되는 산소량 감소는 젖산 축적의 원인이 된다.

C. 다리에 힘이 빠지고, 무겁고, 피곤하게 느껴진다.",,A,B,C,전부 다,4,"A, B, C",,medium,AIDA3,multiple_choice,,
AIDA3-A-11,"Q. 의식상실에 관련된 각 정의와 용어의 짝을 올바르게 맞추시오.

[용어]

A. 얕은 수심 BO

B. 대뇌 저산소증 BO

C. 뇌허혈 BO


[정의]

1. 저혈압('패킹'이 원인이 될 수 있음)으로 뇌혈류가 감소되어 발생하는 의식상실

2. 상승할 때 압력의 빠른 감소로 인해 발생하는 의식상실

3. 뇌 속의 낮은 산소 분압으로 인해 발생하는 의식상실",,A - B - C,A - C - B,B - A - C,C - A - B,4,"
1 : C

2 : A

3 : B",,medium,AIDA3,multiple_choice,,
AIDA3-A-12,Q. 자신이 사용하기에 적합하도록 25m 수영장 훈련용 DYN CO2 테이블을 작성하시오.,,,,,,3,이치에 맞는 모든 답변,,medium,AIDA3,multiple_choice,,
AIDA3-A-13,Q. 자신이 사용하기에 적합하도록 스테틱 압니어(STA) 숨참기 최고기록을 시도하기 위한 몸풀기 테이블을 작성하시오.,,,,,,12,이치에 맞는 모든 답변,,정답: 1. TLC(총폐용량),"정답: 1. TLC(총폐용량)
(출처: AIDA Final Exam.pdf, p.8)",medium,AIDA3,multiple_choice
AIDA3-A-14,"Q. 다음 각 상황에서 적절한 중성부력의 대략적인 수심을 얼마로 설정하겠는가?

A. 수심 12m 정도 도달할 수 있는 프리다이빙 초심자를 버디(세이프티 다이버) 삼아 최대 수심 15m까지 펀다이빙 할 때

B. 대회를 준비하기 위해 시야가 좋은 물에서 카운터밸런스 시스템을 사용하며, 
수심 20m에서 쉽게 세이프티를 수행할 수 있는 프리다이버를 버디 삼아 수심 40m 정도로 다이빙할 때",,"12m, 20m","12m, 40m","15m, 13m","15m, 20m",3,"A: 15 m, B: 13 m",,medium,AIDA3,multiple_choice,,
AIDA3-A-15,"Q. 수면에 올라와서 피를 토하는 프리다이버에게 어떤 조언을 할 것이며, 왜 그렇게 해야 하나?",,,,,,,"상해를 진단하기 위해 즉시 병원에 간다.
적어도 일주일간 다이빙을 중지하고 병원에서 치료받아라.
이렇게 하지 않으면 재발이나 만성적 손상, 사망에 이를 수 있다.",,medium,AIDA3,multiple_choice,,
AIDA3-A-16,Q. CO2 훈련 테이블을 수행하는 목적은?,,,,,,,"이산화탄소 농도의 증가에 따른 반응에 대한 육체적 그리고 정신적 내성을 강화.
젖산에 대한 내성 강화",,medium,AIDA3,multiple_choice,,
AIDA3-A-17,"Q. 윤리적인 측면에서 프리다이빙에 대한 당신의 생각을 아래 항목에 맞게 서술하시오.

A. 버디

B. 자신

C. 주변 환경",,,,,,,"버디 : 당신 버디의 한계 내에서 다이빙하라. 
자신이 다이빙 하듯이 진지하게 ‘버디 하기’.
당신이 버디와 협조가 안 된다고 느끼거나 각자에 대해 편하게 느껴지지 않으면 다른 버디를 찾아라.
당신의 능력에 대해 버디에게 솔직히 말하라. 

자신 : 안전하게 다이빙하지 않는다고 생각되는 프리다이버의 세이프티를 거절하라.
자신의 한계 내에서 다이빙하라. 당신을 신뢰하는 버디와 다이빙하라. 

주변 환경 : 바다에서 아무것도 가져오지도 버리지도 않는다.
롱핀에 유의한다. 수중 생물에 유의한다. ",,정답: 1. TLC(총폐용량),"정답: 1. TLC(총폐용량)
(출처: AIDA Final Exam.pdf, p.9)",hard,AIDA3,multiple_choice
AIDA3-A-18,Q. 처음 방문하는 지역에서 진행하는 개방수역 프리다이빙 교육을 계획하기 위해 알아야 하는 지역 환경요소를 5가지 이상 적으시오.,,,,,,,"조수 간만, 조류, 시야, 수온, 일기예보, 수심, 
수중 생물, 낚시 및 보트 통행, 해안 경비대, 
구조대, 고압(산소)실, 가장 가까운 응급, 
구조대 및 구조 절차, 그 지역의 법과 규칙 등",,"정답: 1. TLC(총폐용량)
(출처: AIDA Final Exam.pdf, p.9)",medium,AIDA3,multiple_choice,
AIDA3-A-19,"Q. 말초혈관수축과 대뇌혈관수축의 차이점은 무엇이며, 이들이 발생하는 각각의 원인은 무엇인가?",,,,,,,"말초혈관수축: 팔과 다리 혈관의 수축, 몸통에 혈액 유입량 증가
원인: 포유류잠수반응(MDR)

대뇌혈관수축: 뇌로 이어지는 혈관을 수축시켜, 뇌 혈류를 감소시킴
원인: 초과호흡",,medium,AIDA3,multiple_choice,,
AIDA3-A-20,"Q. 프리다이빙을 처음 접하는 사람에게 프리다이빙하는 방법을 단 한 가지만 가르쳐 줄 수 있다면, 어떤 방법을 가르쳐주겠는가?",,,,,,,"항상 훈련된 버디와 프리다이빙하라.
승인된 프리다이빙 과정 참여하라.",,hard,AIDA3,multiple_choice,,
AIDA3-A-21,"Q. 다음 중 폐압착이 발생했을 때 나타나는 징후나 증상에 해당하는 것은?

A. 가슴에 사라지지 않는 답답함

B. 숨을 쉴 때 색색거리는 소리

C. 사지에 감각이 없음

D. 자꾸 기침이 나오려고 함

E. 어지러움

F. 피로",,"A, B, C, D","A, B, E, F","A, B, D, F","B, C, D, E, F",3,"A, B, D, F",,medium,AIDA3,multiple_choice,,
AIDA3-A-22,Q. 고막천공이 발생했을 때 나타나는 징후나 증상 3가지를 쓰시오.,,,,,,4,"징후: 귀 밖으로 출혈, 귀에서 액체가 흘러나옴
증상: 고통, 어지러움, 구역질, 방향감각 상실",,medium,AIDA3,multiple_choice,,
AIDA3-A-23,Q. 프리다이버가 수면으로 올라왔을 때 마스크나 입에 피가 고여있게 될 수 있는 원인 2가지를 적으시오.,,기압성부비강외상,기압성폐외상,전부 다,,3,"기압성부비강외상,
기압성폐외상",,medium,AIDA3,multiple_choice,,
AIDA3-A-24,"Q. 다음 중 다이빙을 할 때 에너지 보존에 도움이 되는 방법은?

A. 시간을 아끼기 위해 빠르게 하강한다.

B. 하강을 쉽게 하기 위해 중량납을 더 많이 착용한다.

C. 상승을 쉽게 하기 위해 중성부력을 턴하는 수심에 가깝게 맞춘다.

D. 중성부력을 넘어 완전히 멈추기 전까지 핀 차기나 유영을 점진적으로 줄여나간다.

E. 상승 초반에 아주 천천히 나아간다.

F. 상승 막바지에 상승하기 위한 노력을 줄인다.

G. 수심 5m 부근에서 부력을 이용해 수면으로 떠오른다.",,"A, B, C","B, F, G","C, D, G","D, F, G",4,"D, F, G",,medium,AIDA3,multiple_choice,,
AIDA3-A-25,Q. 초과호흡을 하면 나타나는 증상을 5가지 이상 쓰시오.,,,,,,,"심박수 증가
입 주변이 저림
현기증 어지럽고 쓰러질 것 같음
손발이 아림 입 안에 금속 성(비릿한) 맛
손가락이 구부러짐",,easy,AIDA3,multiple_choice,,
AIDA3-A-26,"Q. 어떤 사람이 의식상실 후 구조절차 수행에도 불구하고 의식이 돌아오지 않는 상황에서, 구조호흡을 실시할 때까지 허용되는 최대 시간은?",,0 ~ 5초,5 ~ 10초,10 ~ 15초,15 ~ 20 초,3,10 ~ 15초,,,,,,
AIDA3-A-27,"Q. 다음은 어떤 물리 법칙에 대한 설명인가?

'혼합기체 내에서 어떤 기체의 부분압(분압)은 그 기체가 혼합기체 내에서 차지하고 있는 부피에 비례한다',
즉 구성기체들의 분압의 합이 혼합기체의 압력이 된다.",,뉴턴의 법칙,돌터의 법칙,보일의 법칙,밀터의 법칙,2,돌터의 법칙,,,,,,
AIDA3-A-28,Q. TLC가 8리터인 일반사람의 RV는 얼마인가?,,0.5리터,1리터,1.5리터,2리터,4,"2리터 

☛ 건강한 성인의 경우 RV는 일반적으로 TLC의 약 20% ~ 25% 정도를 차지",,,,,,
AIDA3-A-29,Q. 한쪽(또는 양쪽) 귀의 압력평형을 이루지 못했음에도 불구하고 계속 하강할 때 발생할 수 있는 부상 2가지를 적으시오.,,,,,,,"고막천공, 
고막파열, 
기압성중이외상",,,,,,
AIDA3-A-30,"Q. 다음 중 확산 원리를 올바르게 설명한 문장을 고르시오.

A. 확산이란 밀도가 낮은 쪽에서 높은 쪽으로 이동하는 기체의 자연적인 성질을 말한다.

B. 확산이란 밀도가 높은 쪽에서 낮은 쪽으로 이동하는 액체의 자연적인 성질을 말한다.

C. 확산이란 밀도가 높은 쪽에서 낮은 쪽으로 이동하는 기체의 자연적인 성질을 말한다.

D. 확산이란 밀도가 높은 쪽보다는 낮은 쪽으로 용해되는 기체의 자연적인 성질을 말한다.",,A,B,C,D,3,C,,,,,,
AIDA4-01,다음 중 기능적  잔기량 (FRC) 에 대해 올바르게  설명한  것은 무엇인가 ?,,숨을 완전히  내쉰 후 들이쉴  수 있는 최대 공기량,정상적인  일회호흡량을  들이쉰  후 부가적으로  들이쉴  수 있는 공기량,일반적인  호흡을  할 때 들이쉬고  내쉬는  공기량,무의식적  날숨(Passive exhale) 후 폐와 기관에  남아있는  공기량,4,D: 무의식적  날숨(Passive exhale) 후 폐와 기관에  남아있는  공기량,,hard,AIDA4,multiple_choice,,
AIDA4-02,다음 중 잔기량 (RV) 에 대해 올바르게  설명한  것은 무엇인가 ?,,숨을 강하게  내쉰 후 폐 안에 남아있는  공기량,정상적인  일회호흡량을  들이쉰  후 부가적으로  들이쉴  수 있는 공기량,일반적인  호흡을  할 때 들이쉬고  내쉬는  공기량,무의식적  날숨(Passive exhale) 후 폐와 기관에  남아있는  공기량,1,A: 숨을 강하게  내쉰 후 폐 안에 남아있는  공기량,,medium,AIDA4,multiple_choice,,
AIDA4-03,다음 보기에서  실패 수심에  대한 설명 중 옳지 않은 것은 무엇인가 ?,,실패 수심은  다리에  생성된  젖산에  의해 더 깊은 곳으로  내려가지  못하게  되는 수심,"실패 수심은  잔기량에  도달하는  수심이며, 압력평형을  위한 공기를  폐에서  더 이상 끌어올릴  수 없음",총폐용량이  더 큰 프리다이버라도  실패 수심이  더 깊어지지는  않음,잔기량을  감소시키고  폐활량을  늘리는  스트레칭은  실패 수심을  늘려줌,3,C: 총폐용량이  더 큰 프리다이버라도  실패 수심이  더 깊어지지는  않음,,hard,AIDA4,multiple_choice,,
AIDA4-04,다음 중 마우스필  (Mouthfill) 기술에  대해 올바르게  설명한  것은 무엇인가 ?,,실패 수심 이후에도  계속 압력평형을  할 수 있게 해주는  기술,이퀄라이징을  위해 입 안에 공기를  채우는  것은 실패 수심에  도달했을  때 한번만  하면 됨,"마우스필을  할 때, 연구개를  닫은 상태여야  함",후두개는  열려 있어야  함,1,A: 실패 수심 이후에도  계속 압력평형을  할 수 있게 해주는  기술,,medium,AIDA4,multiple_choice,,
AIDA4-05,마우스필  (Mouthfill) 을 하기에  가장 적절한  시점은  언제인가 ?,,실패 수심에  도달했을  때,자유낙하를  시작하기  전,실패 수심에  도달하기  전,첫 번째 프리폴  턴을 할 때,3,C: 실패 수심에  도달하기  전,,medium,AIDA4,multiple_choice,,
AIDA4-06,다음 중 마우스필  (Mouthfill) 을 할 때 주의해야  할 점으로  옳지 않은 것은?,,입 안에 공기를  채운 후에는  연구개를  닫아야  한다.,공기를  채운 후에는  후두개를  열어 폐의 공기가  나오지  않도록  한다.,입 안에 공기를  채울 때는  복압을  이용하여  공기를  밀어 올린다 .,입 안에 공기를  채운 후에는  입술을  꽉 다물어  공기가  새지 않도록  한다.,2,B: 공기를  채운 후에는  후두개를  열어 폐의 공기가  나오지  않도록  한다.,,medium,AIDA4,multiple_choice,,
AIDA4-07,다음 중 마우스필  (Mouthfill) 을 연습할  때 가장 먼저 해야 할 것은?,,수심 20m 에서 마우스필  연습하기,풀장에서  마우스필  연습하기,육상에서  마우스필  동작 연습하기 ( 풍선 등 이용 ),수심 40m 에서 마우스필  적용하기,3,C: 육상에서  마우스필  동작 연습하기 ( 풍선 등 이용 ),,easy,AIDA4,multiple_choice,,
AIDA4-08,FRC( 기능적  잔기량 ) 다이빙의  주된 목적은  무엇인가 ?,,더 깊은 수심으로  가기 위해,폐의 유연성을  기르기  위해,얕은 수심에서  깊은 수심의  환경 ( 폐의 부피 감소 ) 을 시뮬레이션  하기 위해,마우스필  기술을  연습하기  위해,3,C: 얕은 수심에서  깊은 수심의  환경 ( 폐의 부피 감소 ) 을 시뮬레이션  하기 위해,,medium,AIDA4,multiple_choice,,
AIDA4-09,FRC 다이빙을  할 때 주의해야  할 점은 무엇인가 ?,,빠른 속도로  하강한다 .,무리하지  않고 천천히  부드럽게  하강한다 .,최대한  깊은 수심까지  내려간다 .,이퀄라이징을  세게 한다 .,2,B: 무리하지  않고 천천히  부드럽게  하강한다 .,,medium,AIDA4,multiple_choice,,
AIDA4-10,다음 중 렁 스트레칭  (Lung Stretching) 의 효과가  아닌 것은?,,흉곽의  유연성  증가,횡격막의  유연성  증가,잔기량의  증가,폐활량의  증가,3,C: 잔기량의  증가,,hard,AIDA4,multiple_choice,,
AIDA4-11,다음 중 풀 렁 스트레칭  (Full Lung Stretching) 을 할 때 주의해야  할 점은?,,무리하게  공기를  채우지  않는다 . ( 폐 압착 주의 ),빠르게  동작을  수행한다 .,숨을 참는 시간을  최대화한다 .,매일 강도 높게 훈련한다 .,1,A: 무리하게  공기를  채우지  않는다 . ( 폐 압착 주의 ),,easy,AIDA4,multiple_choice,,
AIDA4-12,다음 중 엠티 렁 스트레칭  (Empty Lung Stretching) 의 효과로  가장 적절한  것은?,,폐활량  증가,폐의 혈액 이동 (Blood Shift) 능력 향상 및 흉곽 압착 적응,숨참기  시간 증가,이퀄라이징  능력 향상,2,B: 폐의 혈액 이동 (Blood Shift) 능력 향상 및 흉곽 압착 적응,,hard,AIDA4,multiple_choice,,
AIDA4-13,다음 중 렁 스트레칭  후 휴식 시간에  해야 할 행동으로  옳은 것은?,,바로 다음 세트를  진행한다 .,가쁜 호흡을  하며 몸을 움직인다 .,편안하게  호흡하며  몸의 긴장을  푼다 .,물을 마시지  않는다 .,3,C: 편안하게  호흡하며  몸의 긴장을  푼다 .,,easy,AIDA4,multiple_choice,,
AIDA4-14,다음 중 딥 다이빙  (Deep Diving) 시 정신적인  준비 (Mental Preparation) 가 중요한  이유는?,,산소 소모량을  줄이기  위해,근육의  힘을 키우기  위해,이퀄라이징을  잘 하기 위해,체온을  유지하기  위해,1,A: 산소 소모량을  줄이기  위해,,medium,AIDA4,multiple_choice,,
AIDA4-15,다음 중 시각화  (Visualization) 기법에  대해 올바르게  설명한  것은?,,실제 다이빙을  하지 않고 머릿속으로  다이빙  과정을  그려보는  것,다이빙  영상을  시청하는  것,다이빙  직전에  눈을 감고 명상하는  것,다이빙  로그를  작성하는  것,1,A: 실제 다이빙을  하지 않고 머릿속으로  다이빙  과정을  그려보는  것,,medium,AIDA4,multiple_choice,,
AIDA4-16,다음 중 긍정적인  자기 암시 (Positive Affirmation) 의 예시로  적절하지  않은 것은?,,나는  편안하다 .,나는  할 수 있다 .,나는  숨이 막히지  않는다 .,나는  물과 하나가  된다 .,3,C: 나는  숨이 막히지  않는다 .,,medium,AIDA4,multiple_choice,,
AIDA4-17,다음 중 다이빙  전 긴장을  풀기 위한 호흡법으로  적절한  것은?,,빠르고  얕은 호흡,빠르고  깊은 호흡,느리고  깊은 호흡 ( 복식호흡 ),숨을 멈추었다가  내쉬는  호흡,3,C: 느리고  깊은 호흡 ( 복식호흡 ),,easy,AIDA4,multiple_choice,,
AIDA4-18,다음 중 딥 다이빙  시 발생할  수 있는 질소 마취 (Nitrogen Narcosis) 의 증상이  아닌 것은?,,판단력  저하,행복감  또는 불안감,손발 저림,시야가  흐려짐,3,C: 손발 저림,,hard,AIDA4,multiple_choice,,
AIDA4-19,질소 마취를  예방하거나  대처하는  방법으로  옳은 것은?,,하강 속도를  높인다 .,수심을  줄이거나  상승한다 .,호흡을  참는다 .,눈을 감는다 .,2,B: 수심을  줄이거나  상승한다 .,,medium,AIDA4,multiple_choice,,
AIDA4-20,다음 중 감압병  (DCI) 의 위험 요인이  아닌 것은?,,탈수,피로,짧은 수면 휴식 시간,충분한  수분 섭취,4,D: 충분한  수분 섭취,,easy,AIDA4,multiple_choice,,
AIDA4-21,딥 다이빙  후 감압병  예방을  위해 수면에서  해야 할 행동은?,,바로 눕는다 .,100% 산소를  마신다 .,가벼운  운동을  한다 ( 걷기 등 ),잠을 잔다 .,3,C: 가벼운  운동을  한다 ( 걷기 등 ),,medium,AIDA4,multiple_choice,,
AIDA4-22,다음 중 다이빙  중 발생한  BO( 의식상실 ) 사고자에  대한 처치로  옳지 않은 것은?,,기도를  확보한다 .,마스크를  벗긴다 .,BTT(Blow - Tap - Talk) 를 시행한다 .,물을 토하게  한다 .,4,D: 물을 토하게  한다 .,,medium,AIDA4,multiple_choice,,
AIDA4-23,다음 중 다이빙  사고 발생 시 산소 공급이  필요한  이유는?,,체온을  높이기  위해,저산소증을  해결하고  질소 배출을  돕기 위해,심리적  안정을  위해,혈압을  낮추기  위해,2,B: 저산소증을  해결하고  질소 배출을  돕기 위해,,medium,AIDA4,multiple_choice,,
AIDA4-24,다음 중 코피 (Nose Bleed) 가 났을 때 올바른  대처법은?,,코를 푼다 .,머리를  뒤로 젖힌다 .,머리를  앞으로  숙이고  코를 막는다 .,다이빙을  계속한다 .,3,C: 머리를  앞으로  숙이고  코를 막는다 .,,easy,AIDA4,multiple_choice,,
AIDA4-25,다음 중 귀에 물이 들어갔을  때 외이도염  예방을  위해 해야 할 행동은?,,면봉으로  귀를 판다 .,귀를 건조하게  유지하고  알코올  성분의  이약 (eardrop) 을 사용한다 .,귀마개를  하고 잔다 .,따뜻한  물로 귀를 씻는다 .,2,B: 귀를 건조하게  유지하고  알코올  성분의  이약 (eardrop) 을 사용한다 .,,medium,AIDA4,multiple_choice,,
AIDA4-26,다음 중 다이빙  여행을  계획할  때 고려해야  할 사항이  아닌 것은?,,다이빙  포인트의  수심과  조류,가까운  병원 및 재압 챔버 위치,현지의  맛집 정보,비상 연락망,3,C: 현지의  맛집 정보,,easy,AIDA4,multiple_choice,,
AIDA4-27,다음 중 다이빙  버디의  역할로  올바르지  않은 것은?,,다이버의  안전을  지켜본다 .,다이버의  기록 갱신을  강요한다 .,다이버의  상태를  수시로  확인한다 .,비상 시 구조 활동을  한다 .,2,B: 다이버의  기록 갱신을  강요한다 .,,easy,AIDA4,multiple_choice,,
AIDA4-28,다음 중 딥 다이빙  장비 점검 시 확인해야  할 사항이  아닌 것은?,,랜야드의  상태,부이의  공기압,수트의  색상,마스크  스트랩의  상태,3,C: 수트의  색상,,easy,AIDA4,multiple_choice,,
AIDA4-29,다음 중 다이빙  전 영양 섭취에  대한 설명으로  옳은 것은?,,다이빙  직전에  배불리  먹는다 .,소화가  잘 되는 가벼운  음식을  섭취한다 .,기름진  음식을  먹는다 .,카페인을  많이 섭취한다 .,2,B: 소화가  잘 되는 가벼운  음식을  섭취한다 .,,easy,AIDA4,multiple_choice,,
AIDA4-30,다음 중 다이빙  후 회복을  위해 중요한  것은?,,음주,충분한  수면과  휴식,격렬한  운동,사우나,2,B: 충분한  수면과  휴식,,easy,AIDA4,multiple_choice,,
AIDA4-31,다음 중 프리다이빙  강사로서  갖추어야  할 자질은?,,뛰어난  다이빙  실력만  있으면  된다 .,학생의  안전을  최우선으로  생각한다 .,자신의  기록을  자랑한다 .,학생을  무시한다 .,2,B: 학생의  안전을  최우선으로  생각한다 .,,easy,AIDA4,multiple_choice,,
AIDA4-32,다음 중 AIDA 의 교육 철학에  부합하지  않는 것은?,,안전하고  즐거운  다이빙,경쟁적인  기록 갱신 유도,체계적인  교육 시스템,환경 보호,2,B: 경쟁적인  기록 갱신 유도,,medium,AIDA4,multiple_choice,,
AIDA4-33,다음 중 프리다이빙  대회 규정에  대한 설명으로  옳은 것은?,,심판의  판정에  절대 복종해야  한다 .,규정은  몰라도  된다 .,안전 수칙을  위반해도  기록만  좋으면  된다 .,장비 규정은  없다 .,1,A: 심판의  판정에  절대 복종해야  한다 .,,easy,AIDA4,multiple_choice,,
AIDA4-34,다음 중 프리다이빙  기록 인증 절차에  대한 설명으로  옳지 않은 것은?,,공식 심판이  참관해야  한다 .,도핑 테스트를  통과해야  한다 .,비디오  판독을  거친다 .,본인이  직접 기록을  측정하여  제출한다 .,4,D: 본인이  직접 기록을  측정하여  제출한다 .,,medium,AIDA4,multiple_choice,,
AIDA4-35,다음 중 총폐용량 (TLC) 이 6 리터이고  잔기량 (RV) 이 1.5 리터인  다이버의  실패 수심은?,,20m,30m,40m,50m,2,B: 30m,,hard,AIDA4,multiple_choice,,
AIDA4-36,다음 중 잔기량이  25% 인 프리다이버의  실패 수심은  몇 미터인가 ?,,30m,40m,50m,60m,1,A: 30m,,hard,AIDA4,multiple_choice,,
AIDA4-37,잔기량이  20% 인 프리다이버의  실패 수심은  몇 미터인가 ?,,30m,35m,40m,45m,3,C: 40m,,hard,AIDA4,multiple_choice,,
AIDA4-38,다음 중 심혈관을  튼튼하게  해주는  심박수의  범위는  무엇인가 ?,,자신의  분당 최대 심박수의  50% 이하,자신의  분당 심박수  50~70%,자신의  분당 심박수  70~80%,자신의  분당 심박수  80% 이상,3,C: 자신의  분당 심박수  70~80%,,medium,AIDA4,multiple_choice,,
AIDA4-39,다음 중 감압병 (DCI) 의 증상이  아닌 것은 무엇인가 ?,,극도의  권태감과  피로,현기증  및 균형 감각 이상,충혈( 코막힘 ),구역질  / 메스꺼움,3,C: 충혈( 코막힘 ),,medium,AIDA4,multiple_choice,,
AIDA4-40,다음 중 어떤 근육의  유연성은  폐활량  증가에  도움일될  수도 있다.,,연구개,목,늑간근,장딴지  근육,3,C: 늑간근,,medium,AIDA4,multiple_choice,,
AIDA4-41,다음 중 잔기량을  감소시키기  위해 더 유연하게  만들고  싶은 근육은  무엇인가 ?,,횡격막,이두근,삼두근,삼각근,1,A: 횡격막,,medium,AIDA4,multiple_choice,,
AIDA4-42,다음 중 깊은 수심 다이빙  훈련 전 당신의  식단에서  제외하고  싶은 것은 무엇인가 ?,,물,과일,우유,채소,3,C: 우유,,easy,AIDA4,multiple_choice,,
AIDA4-43,다음 중 이산화탄소  내성을  기르기  위한 훈련 방법으로  가장 적절한  것은?,,CO2 테이블,O2 테이블,최대 수심 다이빙,NO LIMITS,1,A: CO2 테이블,,medium,AIDA4,multiple_choice,,
AIDA4-44,다음 중 저산소  내성을  기르기  위한 훈련 방법으로  가장 적절한  것은?,,CO2 테이블,O2 테이블,최대 숨참기,빈 폐 스트레칭,2,B: O2 테이블,,medium,AIDA4,multiple_choice,,
AIDA4-45,다음 중 마우스필  (Mouthfill) 기술이  필요한  이유는?,,이퀄라이징을  위한 공기 확보,폐 압착 예방,산소 소모량  감소,이산화탄소  배출,1,A: 이퀄라이징을  위한 공기 확보,,medium,AIDA4,multiple_choice,,
AIDA4-46,다음 중 깊은 수심에서  상승 시 저산소증  (Blackout) 위험이  가장 높은 구간은?,,바닥 ~ 20m,20m ~ 10m,10m ~ 수면,수면 ~ 10m,3,C: 10m ~ 수면,,hard,AIDA4,multiple_choice,,
AIDA4-47,다음 중 프리다이빙  시 멘탈 트레이닝의  효과가  아닌 것은?,,긴장 완화,자신감  상승,근육량  증가,집중력  향상,3,C: 근육량  증가,,easy,AIDA4,multiple_choice,,
AIDA4-48,다음 중 렁 스트레칭  시 주의사항으로  옳지 않은 것은?,,통증이  느껴지면  즉시 중단한다 .,호흡을  편안하게  유지한다 .,무리하게  가동 범위를  늘린다 .,천천히  진행한다 .,3,C: 무리하게  가동 범위를  늘린다 .,,medium,AIDA4,multiple_choice,,
AIDA4-49,다음 중 다이빙  전 준비운동  (Warm-up) 의 목적으로  가장 적절한  것은?,,체온 상승 및 근육 이완,피로 유발,심박수  최대치  도달,긴장감  조성,1,A: 체온 상승 및 근육 이완,,easy,AIDA4,multiple_choice,,
AIDA4-50,다음 중 프리다이빙  시 저체온증  예방을  위한 방법으로  옳지 않은 것은?,,적절한  수트 착용,다이빙  중간중간  따뜻한  물 마시기,추위를  참으며  계속 다이빙하기,물 밖에서  보온 유지,3,C: 추위를  참으며  계속 다이빙하기,,easy,AIDA4,multiple_choice,,